Name,Description,Price,Size,Media,Year,Artist
Spirit No.9,,19900,13.5 by 13.5 inch,Inck wash on rice paper,2021,Ling Huang
UNIVERSE,,,24 by 24 inch,Acrylic on Canvas,2023,Cris
Echoes of Tradition in Modern Harmony Series No.6,,8000,18 by 38 inch,Inck wash on rice paper,2024,Moni
Echoes of Tradition in Modern Harmony Series No.4,,8000,36 by 36 inch,Acrylic,2015,Moni
Echoes of Tradition in Modern Harmony Series No.7,,8000,18 by 38 inch,Inck wash on rice paper,2024,Moni
Divine Illumination No.9,,6000,39.5 by 29.5 inch,Water Color,2023,Ning Zhang
Divine Illumination No.2,,6000,39.5 by 29.5 inch,Water Color,2023,Ning Zhang
Internal Drift,,,44 by 34 inch (Frame: 48 by 37 inch),Acrylic Paint on Canvas,2026,Alika
Guided Through,,,48 by 36 inch,Acrylic Paint on Canvas,2025,Alika
Pure Blossom,,,46 by 34 inch,Acrylic Paint on Canvas,2024,Alika
Midnight Gale,,,48 by 36 inch,Acrylic Paint on Canvas,2024,Alika
Silent Shadows,,,48 by 36 inch,Acrylic Paint on Canvas,2025,Alika
Calm Alignment,,,45 by 34 inch (Frame: 46 by 35 inch),Acrylic Paint on Canvas,2026,Alika
Spirit No.7,,36900,22 by 22 inch,Inck wash on rice paper,2021,Ling Huang
Spirit No.6,,16900,22 by 22 inch,Inck wash on rice paper,2021,Ling Huang
Spirit No.5,,19800,22 by 22 inch,Inck wash on rice paper,2021,Ling Huang
Spirit No.4,,16900,13.5 by 13.5 inch,Inck wash on rice paper,2021,Ling Huang
Spirit No.2,,9600,22 by 22 inch,Inck wash on rice paper,2021,Ling Huang
Autonomy,,,20 by 30 inch,Mixed media,2024,Olivia
Awoke in a dream,,,20 by 30 inch,Mixed media,2025,Olivia
"Big spoon, little spoon",,,20 by 30 inch,Mixed media,2024,Olivia
Breathe,,,20 by 30 inch,Mixed media,2024,Olivia
Call today,,,20 by 30 inch,Mixed media,2025,Olivia
Full city roast,,,20 by 30 inch,Mixed media,2024,Olivia
Happy Sleep,,,20 by 30 inch,Mixed media,2025,Olivia
Home,,,20 by 30 inch,Mixed media,2025,Olivia
Intelligent conversation,,,20 by 30 inch,Mixed media,2025,Olivia
Is sex necessary,,,20 by 30 inch,Mixed media,2025,Olivia
Life is a garment we fit into,,,20 by 30 inch,Mixed media,2025,Olivia
Lose yourself,,,20 by 30 inch,Mixed media,2025,Olivia
Mad as a Hatter,,,20 by 30 inch,Mixed media,2025,Olivia
Mad march,,,20 by 30 inch,Mixed media,2024,Olivia
Manner of life,,,20 by 30 inch,Mixed media,2025,Olivia
Melody refrain,,,20 by 30 inch,Mixed media,2025,Olivia
Reason made my mouth water,,,20 by 30 inch,Mixed media,2024,Olivia
The vigor of the mind,,,20 by 30 inch,Mixed media,2025,Olivia
Whistling Joy,,,20 by 30 inch,Mixed media,2025,Olivia
